Country,Country Code,2022 Mobile cellular subscriptions,Cell Indicator Name,#_x,"Population
(2024)","Yearly
Change","Net
Change","Density
(P/Km²)","Land Area
(Km²)","Migrants
(net)","Fert.
Rate","Med.
Age","Urban
Pop %","World
Share",#_y,"GDP
(nominal, 2022)","GDP
(abbrev.)","GDP
growth","Population
(2022)","GDP
per capita","Share of
World GDP",Calculated Density (P/Km²)
Aruba,ABW,,Mobile cellular subscriptions,196.0,108066.0,0.12 %,127,600,180.0,141,1.6,41.0,44 %,0.00 %,,,,,,,,600.3666666666667
Africa Eastern and Southern,AFE,562145156.0,Mobile cellular subscriptions,,,,,,,,,,,,,,,,,,,
Afghanistan,AFG,,Mobile cellular subscriptions,36.0,42647492.0,2.88 %,"1,192,731",65,652860.0,"-44,089",4.8,17.0,27 %,0.52 %,,,,,,,,65.32410011334743
Africa Western and Central,AFW,426795276.0,Mobile cellular subscriptions,,,,,,,,,,,,,,,,,,,
Angola,AGO,23977537.0,Mobile cellular subscriptions,41.0,37885849.0,3.09 %,"1,135,943",30,1246700.0,"-2,629",5.0,17.0,68 %,0.46 %,66.0,"$106,714,000,000",$107 billion,3.05%,"35,635,029","$2,995",0.11%,30.388905911606642
Albania,ALB,2782226.0,Mobile cellular subscriptions,143.0,2791765.0,-0.71 %,"-19,890",102,27400.0,"-24,472",1.3,37.0,69 %,0.03 %,118.0,"$18,882,095,518",$18.88 billion,4.84%,"2,827,608","$6,678",0.02%,101.88923357664234
Andorra,AND,113521.0,Mobile cellular subscriptions,202.0,81938.0,1.34 %,"1,082",174,470.0,988,1.1,43.0,83 %,0.00 %,153.0,"$3,352,032,737",$3.35 billion,8.81%,"79,705","$42,055",0.00%,174.33617021276595
Arab World,ARB,430815131.0,Mobile cellular subscriptions,,,,,,,,,,,,,,,,,,,
United Arab Emirates,ARE,20036039.0,Mobile cellular subscriptions,86.0,11027129.0,3.62 %,"385,048",132,83600.0,"278,439",1.2,32.0,82 %,0.14 %,28.0,"$507,535,000,000",$508 billion,7.41%,"10,242,086","$49,554",0.50%,131.90345693779904
Argentina,ARG,60236460.0,Mobile cellular subscriptions,35.0,45696159.0,0.35 %,"157,758",17,2736690.0,"3,454",1.5,33.0,95 %,0.56 %,22.0,"$632,770,000,000",$633 billion,5.24%,"45,407,904","$13,935",0.63%,16.69760148208237
Armenia,ARM,3760695.0,Mobile cellular subscriptions,140.0,2973840.0,1.03 %,"30,447",104,28470.0,"-29,966",1.7,36.0,63 %,0.04 %,115.0,"$19,502,783,988",$19.50 billion,12.60%,"2,880,874","$6,770",0.02%,104.45521601685985
American Samoa,ASM,,Mobile cellular subscriptions,209.0,46765.0,-1.59 %,-756,234,200.0,"-1,110",2.3,29.0,N.A.,0.00 %,,,,,,,,233.825
Antigua and Barbuda,ATG,,Mobile cellular subscriptions,199.0,93772.0,0.49 %,456,213,440.0,9,1.6,36.0,28 %,0.00 %,162.0,"$1,757,603,704",$1.76 billion,8.46%,"92,840","$18,932",0.00%,213.11818181818182
Australia,AUS,28018000.0,Mobile cellular subscriptions,55.0,26713205.0,0.99 %,"262,081",3,7682300.0,"138,510",1.6,38.0,86 %,0.33 %,12.0,"$1,675,420,000,000",$1.675 trillion,3.62%,"26,200,984","$63,945",1.67%,3.477240539942465
Austria,AUT,11034599.0,Mobile cellular subscriptions,99.0,9120813.0,-0.11 %,"-9,616",111,82409.0,"8,813",1.3,43.0,58 %,0.11 %,32.0,"$471,400,000,000",$471 billion,5.00%,"9,064,677","$52,004",0.47%,110.67738960550426
Azerbaijan,AZE,11068100.0,Mobile cellular subscriptions,94.0,10336577.0,0.18 %,"18,370",125,82658.0,"10,864",1.7,33.0,58 %,0.13 %,71.0,"$78,721,058,824",$78.72 billion,4.62%,"10,295,304","$7,646",0.08%,125.05234823005638
Burundi,BDI,7470966.0,Mobile cellular subscriptions,78.0,14047786.0,2.62 %,"358,336",547,25680.0,"-27,074",4.8,16.0,14 %,0.17 %,155.0,"$3,073,414,678",$3.07 billion,1.85%,"13,321,097",$231,0.00%,547.0321651090343
Belgium,BEL,11873986.0,Mobile cellular subscriptions,83.0,11738763.0,0.22 %,"25,870",388,30280.0,"36,243",1.4,42.0,99 %,0.14 %,25.0,"$578,604,000,000",$579 billion,3.25%,"11,641,820","$49,700",0.58%,387.67381109643327
Benin,BEN,14549987.0,Mobile cellular subscriptions,76.0,14462724.0,2.49 %,"351,690",128,112760.0,"-7,725",4.5,18.0,47 %,0.18 %,122.0,"$17,401,746,309",$17.40 billion,6.25%,"13,759,501","$1,265",0.02%,128.26112096488117
Burkina Faso,BFA,,Mobile cellular subscriptions,59.0,23548781.0,2.27 %,"523,005",86,273600.0,"-25,807",4.1,17.0,33 %,0.29 %,117.0,"$18,884,619,613",$18.88 billion,1.48%,"22,509,038",$839,0.02%,86.07010599415204
Bangladesh,BGD,180198049.0,Mobile cellular subscriptions,8.0,173562364.0,1.22 %,"2,095,374","1,333",130170.0,"-473,362",2.1,26.0,42 %,2.13 %,34.0,"$460,201,000,000",$460 billion,7.10%,"169,384,897","$2,717",0.46%,1333.3514941998924
Bulgaria,BGR,7964361.0,Mobile cellular subscriptions,110.0,6757689.0,-0.56 %,"-38,114",62,108560.0,524,1.7,45.0,77 %,0.08 %,68.0,"$89,040,398,406",$89.04 billion,3.36%,"6,825,864","$13,045",0.09%,62.248424834193074
Bahrain,BHR,2141263.0,Mobile cellular subscriptions,153.0,1607049.0,2.38 %,"37,383","2,115",760.0,"22,699",1.8,33.0,N.A.,0.02 %,91.0,"$44,390,820,479",$44.39 billion,4.86%,"1,533,459","$28,948",0.04%,2114.5381578947367
"Bahamas, The",BHS,403993.0,Mobile cellular subscriptions,,,,,,,,,,,,,,,,,,,
Bosnia and Herzegovina,BIH,3811931.0,Mobile cellular subscriptions,136.0,3164253.0,-0.65 %,"-20,820",62,51000.0,"-4,497",1.5,45.0,56 %,0.04 %,108.0,"$24,527,507,288",$24.53 billion,3.90%,"3,204,802","$7,653",0.02%,62.04417647058823
Belarus,BLR,11770639.0,Mobile cellular subscriptions,100.0,9056696.0,-0.65 %,"-58,984",45,202910.0,"-3,119",1.2,41.0,84 %,0.11 %,76.0,"$72,793,457,588",$72.79 billion,-4.70%,"9,173,237","$7,935",0.07%,44.63405450692425
Belize,BLZ,,Mobile cellular subscriptions,177.0,417072.0,1.45 %,"5,966",18,22810.0,490,2.0,26.0,48 %,0.01 %,156.0,"$2,824,081,836",$2.82 billion,12.13%,"402,733","$7,012",0.00%,18.284612012275318
Bermuda,BMU,,Mobile cellular subscriptions,205.0,64636.0,-0.10 %,-62,"1,293",50.0,-5,1.4,46.0,93 %,0.00 %,,,,,,,,1292.72
Bolivia,BOL,,Mobile cellular subscriptions,79.0,12413315.0,1.38 %,"169,156",11,1083300.0,"-3,000",2.5,25.0,70 %,0.15 %,93.0,"$43,068,885,673",$43.07 billion,3.07%,"12,077,154","$3,566",0.04%,11.458797193759809
Brazil,BRA,212925716.0,Mobile cellular subscriptions,7.0,211998573.0,0.41 %,"857,844",25,8358140.0,"-225,510",1.6,34.0,91 %,2.60 %,11.0,"$1,920,100,000,000",$1.920 trillion,2.90%,"210,306,415","$9,130",1.91%,25.364324239603548
Barbados,BRB,323482.0,Mobile cellular subscriptions,186.0,282467.0,0.05 %,131,657,430.0,-70,1.7,39.0,32 %,0.00 %,147.0,"$5,637,914,515",$5.64 billion,10.00%,"282,318","$19,970",0.01%,656.9
Brunei Darussalam,BRN,528723.0,Mobile cellular subscriptions,,,,,,,,,,,,,,,,,,,
Bhutan,BTN,742493.0,Mobile cellular subscriptions,166.0,791524.0,0.65 %,"5,139",21,38117.0,-277,1.4,30.0,49 %,0.01 %,,,,,,,,20.765642626649527
Botswana,BWA,4348010.0,Mobile cellular subscriptions,146.0,2521139.0,1.65 %,"40,895",4,566730.0,"-5,778",2.7,23.0,75 %,0.03 %,113.0,"$20,352,322,157",$20.35 billion,5.78%,"2,439,892","$8,341",0.02%,4.448571630229562
Central African Republic,CAF,,Mobile cellular subscriptions,122.0,5330690.0,3.46 %,"178,269",9,622980.0,"-15,357",6.0,14.0,44 %,0.07 %,158.0,"$2,382,618,615",$2.38 billion,0.00%,"5,098,039",$467,0.00%,8.556759446531188
Canada,CAN,35082123.0,Mobile cellular subscriptions,38.0,39742430.0,1.13 %,"443,325",4,9093510.0,"368,599",1.3,40.0,80 %,0.49 %,9.0,"$2,139,840,000,000",$2.140 trillion,3.40%,"38,821,259","$55,120",2.13%,4.370416923718124
Central Europe and the Baltics,CEB,130269278.0,Mobile cellular subscriptions,,,,,,,,,,,,,,,,,,,
Switzerland,CHE,10450200.0,Mobile cellular subscriptions,101.0,8921981.0,0.58 %,"51,420",226,39516.0,"40,099",1.4,43.0,74 %,0.11 %,20.0,"$807,706,000,000",$808 billion,2.06%,"8,792,182","$91,866",0.80%,225.78148091912138
Channel Islands,CHI,,Mobile cellular subscriptions,,,,,,,,,,,,,,,,,,,
Chile,CHL,26415114.0,Mobile cellular subscriptions,66.0,19764771.0,0.54 %,"105,936",27,743532.0,"58,316",1.1,36.0,85 %,0.24 %,45.0,"$301,025,000,000",$301 billion,2.44%,"19,553,036","$15,395",0.30%,26.58227352689595
China,CHN,1780613000.0,Mobile cellular subscriptions,2.0,1419321278.0,-0.23 %,"-3,263,655",151,9388211.0,"-318,992",1.0,40.0,66 %,17.39 %,2.0,"$17,963,200,000,000",$17.963 trillion,2.99%,"1,425,179,569","$12,604",17.86%,151.1812290967896
Cote d'Ivoire,CIV,49006419.0,Mobile cellular subscriptions,,,,,,,,,,,,,,,,,,,
Cameroon,CMR,23106995.0,Mobile cellular subscriptions,52.0,29123744.0,2.65 %,"751,057",62,472710.0,"-13,892",4.3,18.0,59 %,0.36 %,92.0,"$44,341,646,509",$44.34 billion,3.54%,"27,632,771","$1,605",0.04%,61.61017114086861
"Congo, Dem. Rep.",COD,49844134.0,Mobile cellular subscriptions,,,,,,,,,,,,,,,,,,,
"Congo, Rep.",COG,,Mobile cellular subscriptions,,,,,,,,,,,,,,,,,,,
Colombia,COL,80812165.0,Mobile cellular subscriptions,28.0,52886363.0,1.08 %,"565,211",48,1109500.0,"141,643",1.6,32.0,81 %,0.65 %,43.0,"$343,939,000,000",$344 billion,7.50%,"51,737,944","$6,648",0.34%,47.66684362325372
Comoros,COM,838768.0,Mobile cellular subscriptions,163.0,866628.0,1.91 %,"16,241",466,1861.0,"-2,051",3.8,21.0,33 %,0.01 %,167.0,"$1,242,519,407",$1.24 billion,2.39%,"834,188","$1,489",0.00%,465.67866738312733
Cabo Verde,CPV,588593.0,Mobile cellular subscriptions,175.0,524877.0,0.49 %,"2,546",130,4030.0,"-1,209",1.5,28.0,78 %,0.01 %,159.0,"$2,314,816,792",$2.31 billion,17.71%,"519,741","$4,454",0.00%,130.2424317617866
Costa Rica,CRI,7876163.0,Mobile cellular subscriptions,127.0,5129910.0,0.48 %,"24,385",100,51060.0,967,1.3,35.0,84 %,0.06 %,81.0,"$68,380,838,316",$68.38 billion,4.31%,"5,081,765","$13,456",0.07%,100.46827262044653
Caribbean small states,CSS,,Mobile cellular subscriptions,,,,,,,,,,,,,,,,,,,
Cuba,CUB,7600092.0,Mobile cellular subscriptions,87.0,10979783.0,-0.36 %,"-40,148",103,106440.0,"-22,356",1.4,42.0,81 %,0.13 %,,,,,,,,103.15466929725667
Curacao,CUW,,Mobile cellular subscriptions,,,,,,,,,,,,,,,,,,,
Cayman Islands,CYM,,Mobile cellular subscriptions,203.0,74457.0,1.94 %,"1,419",310,240.0,896,1.5,38.0,90 %,0.00 %,,,,,,,,310.2375
Cyprus,CYP,1392480.0,Mobile cellular subscriptions,157.0,1358282.0,0.99 %,"13,306",147,9240.0,"8,138",1.4,38.0,61 %,0.02 %,103.0,"$28,439,052,741",$28.44 billion,5.63%,"1,331,370","$21,361",0.03%,147.00021645021644
Czechia,CZE,13475347.0,Mobile cellular subscriptions,,,,,,,,,,,,,,,,,,,
Germany,DEU,104400000.0,Mobile cellular subscriptions,19.0,84552242.0,0.00 %,"4,011",243,348560.0,"36,954",1.4,45.0,76 %,1.04 %,4.0,"$4,072,190,000,000",$4.072 trillion,1.79%,"84,086,227","$48,429",4.05%,242.57586068395685
Djibouti,DJI,519258.0,Mobile cellular subscriptions,160.0,1168722.0,1.37 %,"15,778",50,23180.0,-11,2.6,25.0,71 %,0.01 %,,,,,,,,50.41941328731665
Dominica,DMA,,Mobile cellular subscriptions,204.0,66205.0,-0.46 %,-305,88,750.0,-200,1.5,36.0,83 %,0.00 %,172.0,"$612,048,148",$612 million,5.94%,"66,826","$9,159",0.00%,88.27333333333333
Denmark,DNK,7443962.0,Mobile cellular subscriptions,114.0,5977412.0,0.49 %,"29,276",141,42430.0,"25,639",1.5,41.0,87 %,0.07 %,39.0,"$395,404,000,000",$395 billion,3.82%,"5,902,904","$66,985",0.39%,140.87702097572472
Dominican Republic,DOM,10149890.0,Mobile cellular subscriptions,85.0,11427557.0,0.85 %,"96,292",236,48320.0,"-34,806",2.2,28.0,86 %,0.14 %,64.0,"$113,642,000,000",$114 billion,4.86%,"11,230,734","$10,119",0.11%,236.49745447019868
Algeria,DZA,49018766.0,Mobile cellular subscriptions,33.0,46814308.0,1.41 %,"650,089",20,2381740.0,"-31,240",2.7,28.0,74 %,0.57 %,55.0,"$191,913,000,000",$192 billion,3.10%,"45,477,389","$4,220",0.19%,19.655507318179147
East Asia & Pacific (excluding high income),EAP,2659481463.0,Mobile cellular subscriptions,,,,,,,,,,,,,,,,,,,
Early-demographic dividend,EAR,3173151571.0,Mobile cellular subscriptions,,,,,,,,,,,,,,,,,,,
East Asia & Pacific,EAS,3041651846.0,Mobile cellular subscriptions,,,,,,,,,,,,,,,,,,,
Europe & Central Asia (excluding high income),ECA,255742751.0,Mobile cellular subscriptions,,,,,,,,,,,,,,,,,,,
Europe & Central Asia,ECS,1151388791.0,Mobile cellular subscriptions,,,,,,,,,,,,,,,,,,,
Ecuador,ECU,17490751.0,Mobile cellular subscriptions,72.0,18135478.0,0.86 %,"155,395",73,248360.0,"-19,704",1.8,29.0,65 %,0.22 %,62.0,"$115,049,000,000",$115 billion,2.95%,"17,823,897","$6,455",0.11%,73.02092929618296
"Egypt, Arab Rep.",EGY,103449734.0,Mobile cellular subscriptions,,,,,,,,,,,,,,,,,,,
Euro area,EMU,424057862.0,Mobile cellular subscriptions,,,,,,,,,,,,,,,,,,,
Eritrea,ERI,,Mobile cellular subscriptions,132.0,3535603.0,1.88 %,"65,213",35,101000.0,"-12,696",3.7,19.0,74 %,0.04 %,,,,,,,,35.005970297029705
Spain,ESP,59019998.0,Mobile cellular subscriptions,32.0,47910526.0,0.00 %,"-1,053",96,498800.0,"111,674",1.2,45.0,79 %,0.59 %,15.0,"$1,397,510,000,000",$1.398 trillion,5.45%,"47,828,382","$29,219",1.39%,96.05157578187651
Estonia,EST,2055794.0,Mobile cellular subscriptions,156.0,1360546.0,-0.49 %,"-6,650",32,42390.0,"-7,742",1.4,42.0,66 %,0.02 %,97.0,"$38,100,812,959",$38.10 billion,-1.29%,"1,350,091","$28,221",0.04%,32.09591884878509
Ethiopia,ETH,69123028.0,Mobile cellular subscriptions,10.0,132059767.0,2.62 %,"3,368,075",132,1000000.0,"30,069",3.9,19.0,22 %,1.62 %,60.0,"$126,783,000,000",$127 billion,5.32%,"125,384,287","$1,011",0.13%,132.059767
European Union,EUU,552315605.0,Mobile cellular subscriptions,,,,,,,,,,,,,,,,,,,
Fragile and conflict affected situations,FCS,676998098.0,Mobile cellular subscriptions,,,,,,,,,,,,,,,,,,,
Finland,FIN,7130000.0,Mobile cellular subscriptions,117.0,5617310.0,0.29 %,"16,125",18,303890.0,"26,894",1.3,43.0,86 %,0.07 %,47.0,"$280,826,000,000",$281 billion,2.08%,"5,569,299","$50,424",0.28%,18.484681957287176
Fiji,FJI,,Mobile cellular subscriptions,161.0,928784.0,0.50 %,"4,639",51,18270.0,"-3,278",2.3,28.0,60 %,0.01 %,148.0,"$4,943,248,200",$4.94 billion,16.12%,"919,422","$5,376",0.00%,50.83656267104543
France,FRA,76807000.0,Mobile cellular subscriptions,23.0,66548530.0,0.17 %,"109,708",122,547557.0,"90,527",1.6,42.0,82 %,0.82 %,7.0,"$2,782,910,000,000",$2.783 trillion,2.56%,"66,277,409","$41,989",2.77%,121.5371732988529
Faroe Islands,FRO,,Mobile cellular subscriptions,,,,,,,,,,,,,,,,,,,
"Micronesia, Fed. Sts.",FSM,,Mobile cellular subscriptions,,,,,,,,,,,,,,,,,,,
Gabon,GAB,2995487.0,Mobile cellular subscriptions,145.0,2538952.0,2.18 %,"54,163",10,257670.0,"1,105",3.6,22.0,84 %,0.03 %,111.0,"$21,071,739,228",$21.07 billion,3.04%,"2,430,747","$8,669",0.02%,9.8535025420111
United Kingdom,GBR,81563700.0,Mobile cellular subscriptions,21.0,69138192.0,0.66 %,"455,230",286,241930.0,"417,114",1.6,40.0,84 %,0.85 %,6.0,"$3,070,670,000,000",$3.071 trillion,4.10%,"68,179,315","$45,038",3.05%,285.7776712272145
Georgia,GEO,5844482.0,Mobile cellular subscriptions,131.0,3807670.0,0.00 %,178,55,69490.0,"1,745",1.8,37.0,62 %,0.05 %,107.0,"$24,605,375,420",$24.61 billion,10.11%,"3,794,784","$6,484",0.02%,54.79450280615916
Ghana,GHA,40045308.0,Mobile cellular subscriptions,46.0,34427414.0,1.89 %,"639,500",151,227540.0,"-13,114",3.3,21.0,58 %,0.42 %,75.0,"$72,838,798,788",$72.84 billion,3.24%,"33,149,152","$2,197",0.07%,151.3026896369869
Gibraltar,GIB,36708.0,Mobile cellular subscriptions,215.0,39329.0,2.23 %,858,"3,933",10.0,598,1.9,39.0,90 %,0.00 %,,,,,,,,3932.9
Guinea,GIN,,Mobile cellular subscriptions,75.0,14754785.0,2.42 %,"349,317",60,245720.0,"-12,024",4.1,18.0,40 %,0.18 %,110.0,"$21,227,749,389",$21.23 billion,4.70%,"14,055,137","$1,510",0.02%,60.047147159368386
"Gambia, The",GMB,,Mobile cellular subscriptions,,,,,,,,,,,,,,,,,,,
Guinea-Bissau,GNB,2651591.0,Mobile cellular subscriptions,148.0,2201352.0,2.23 %,"48,013",78,28120.0,"-1,712",3.8,19.0,46 %,0.03 %,163.0,"$1,633,559,092",$1.63 billion,3.50%,"2,105,529",$776,0.00%,78.28421052631579
Equatorial Guinea,GNQ,893441.0,Mobile cellular subscriptions,150.0,1892516.0,2.43 %,"44,967",67,28050.0,"3,891",4.1,21.0,63 %,0.02 %,140.0,"$11,813,908,448",$11.81 billion,3.15%,"1,803,545","$6,550",0.01%,67.469376114082
Greece,GRC,11326179.0,Mobile cellular subscriptions,95.0,10047817.0,-1.90 %,"-195,091",78,128900.0,"-122,772",1.3,46.0,88 %,0.12 %,54.0,"$219,066,000,000",$219 billion,5.91%,"10,412,480","$21,039",0.22%,77.95048099301785
Grenada,GRD,,Mobile cellular subscriptions,195.0,117207.0,0.11 %,126,345,340.0,-192,1.5,34.0,35 %,0.00 %,166.0,"$1,256,413,185",$1.26 billion,5.80%,"116,913","$10,747",0.00%,344.7264705882353
Greenland,GRL,,Mobile cellular subscriptions,206.0,55840.0,-0.15 %,-82,0,410450.0,-284,1.9,35.0,90 %,0.00 %,,,,,,,,0.13604580338652697
Guatemala,GTM,20552979.0,Mobile cellular subscriptions,70.0,18406359.0,1.55 %,"281,521",172,107160.0,"-7,725",2.3,23.0,56 %,0.23 %,67.0,"$95,003,333,381",$95.00 billion,4.12%,"17,847,877","$5,323",0.09%,171.76520156774916
Guam,GUM,,Mobile cellular subscriptions,192.0,167777.0,0.76 %,"1,271",311,540.0,-504,2.7,31.0,99 %,0.00 %,,,,,,,,310.69814814814816
Guyana,GUY,,Mobile cellular subscriptions,164.0,831087.0,0.57 %,"4,734",4,196850.0,"-5,407",2.4,26.0,27 %,0.01 %,128.0,"$15,357,537,068",$15.36 billion,57.80%,"821,637","$18,691",0.02%,4.221930403860807
High income,HIC,1834460164.0,Mobile cellular subscriptions,,,,,,,,,,,,,,,,,,,
"Hong Kong SAR, China",HKG,21860771.0,Mobile cellular subscriptions,,,,,,,,,,,,,,,,,,,
Honduras,HND,7937385.0,Mobile cellular subscriptions,88.0,10825703.0,1.70 %,"180,852",97,111890.0,"-4,821",2.5,24.0,58 %,0.13 %,99.0,"$31,717,700,115",$31.72 billion,4.00%,"10,463,872","$3,031",0.03%,96.75308785414246
Heavily indebted poor countries (HIPC),HPC,550042811.0,Mobile cellular subscriptions,,,,,,,,,,,,,,,,,,,
Croatia,HRV,4480469.0,Mobile cellular subscriptions,130.0,3875325.0,-0.53 %,"-20,698",69,55960.0,"-5,186",1.5,45.0,61 %,0.05 %,78.0,"$70,964,606,465",$70.96 billion,6.33%,"3,907,027","$18,163",0.07%,69.25169764117227
Haiti,HTI,,Mobile cellular subscriptions,82.0,11772557.0,1.16 %,"135,159",427,27560.0,"-31,747",2.6,24.0,61 %,0.14 %,114.0,"$20,253,551,885",$20.25 billion,-1.68%,"11,503,606","$1,761",0.02%,427.1609941944848
Hungary,HUN,10371597.0,Mobile cellular subscriptions,96.0,9676135.0,-0.11 %,"-10,328",107,90530.0,"16,223",1.5,44.0,72 %,0.12 %,57.0,"$178,789,000,000",$179 billion,4.58%,"9,684,306","$18,462",0.18%,106.88318789351597
IBRD only,IBD,5508645881.0,Mobile cellular subscriptions,,,,,,,,,,,,,,,,,,,
IDA & IBRD total,IBT,6889075559.0,Mobile cellular subscriptions,,,,,,,,,,,,,,,,,,,
IDA total,IDA,1380429678.0,Mobile cellular subscriptions,,,,,,,,,,,,,,,,,,,
IDA blend,IDB,557481973.0,Mobile cellular subscriptions,,,,,,,,,,,,,,,,,,,
Indonesia,IDN,316552572.0,Mobile cellular subscriptions,4.0,283487931.0,0.82 %,"2,297,864",156,1811570.0,"-38,469",2.1,30.0,59 %,3.47 %,16.0,"$1,319,100,000,000",$1.319 trillion,5.31%,"278,830,529","$4,731",1.31%,156.4874285840459
IDA only,IDX,822947705.0,Mobile cellular subscriptions,,,,,,,,,,,,,,,,,,,
Isle of Man,IMN,,Mobile cellular subscriptions,201.0,84160.0,-0.01 %,-5,148,570.0,177,1.5,46.0,56 %,0.00 %,,,,,,,,147.64912280701753
India,IND,1142930000.0,Mobile cellular subscriptions,1.0,1450935791.0,0.89 %,"12,866,195",488,2973190.0,"-630,830",2.0,28.0,37 %,17.78 %,5.0,"$3,385,090,000,000",$3.385 trillion,7.00%,"1,425,423,212","$2,375",3.37%,488.00641432266355
Not classified,INX,,Mobile cellular subscriptions,,,,,,,,,,,,,,,,,,,
Ireland,IRL,5690017.0,Mobile cellular subscriptions,124.0,5255017.0,1.12 %,"58,387",76,68890.0,"39,059",1.6,39.0,62 %,0.06 %,26.0,"$529,245,000,000",$529 billion,11.97%,"5,110,016","$103,570",0.53%,76.28127449557265
"Iran, Islamic Rep.",IRN,145667536.0,Mobile cellular subscriptions,,,,,,,,,,,,,,,,,,,
Iraq,IRQ,43688180.0,Mobile cellular subscriptions,34.0,46042015.0,2.15 %,"967,966",106,434320.0,"-17,735",3.2,21.0,72 %,0.56 %,48.0,"$264,182,000,000",$264 billion,7.01%,"44,070,551","$5,995",0.26%,106.00942853195801
Iceland,ISL,456864.0,Mobile cellular subscriptions,179.0,393396.0,1.51 %,"5,838",4,100250.0,"3,543",1.5,36.0,84 %,0.00 %,105.0,"$27,841,648,044",$27.84 billion,6.44%,"380,356","$73,199",0.03%,3.9241496259351623
Israel,ISR,13758317.0,Mobile cellular subscriptions,98.0,9387021.0,1.41 %,"130,707",434,21640.0,"10,612",2.8,29.0,91 %,0.12 %,27.0,"$522,033,000,000",$522 billion,6.46%,"9,103,151","$57,346",0.52%,433.78100739371536
Italy,ITA,78502853.0,Mobile cellular subscriptions,25.0,59342867.0,-0.26 %,"-156,586",202,294140.0,"95,246",1.2,48.0,72 %,0.73 %,10.0,"$2,010,430,000,000",$2.010 trillion,3.67%,"59,619,115","$33,721",2.00%,201.75041476847758
Jamaica,JAM,3002736.0,Mobile cellular subscriptions,142.0,2839175.0,-0.02 %,-611,262,10830.0,"-10,506",1.4,32.0,60 %,0.03 %,123.0,"$17,097,760,745",$17.10 billion,4.20%,"2,839,144","$6,022",0.02%,262.1583564173592
Jordan,JOR,7625635.0,Mobile cellular subscriptions,84.0,11552876.0,0.99 %,"113,663",130,88780.0,"-156,369",2.6,25.0,84 %,0.14 %,87.0,"$47,451,499,859",$47.45 billion,2.50%,"11,256,263","$4,216",0.05%,130.1292633476008
Japan,JPN,207647788.0,Mobile cellular subscriptions,12.0,123753041.0,-0.50 %,"-617,906",339,364555.0,"153,357",1.2,49.0,93 %,1.52 %,3.0,"$4,231,140,000,000",$4.231 trillion,1.03%,"124,997,578","$33,850",4.21%,339.46329360453154
Kazakhstan,KAZ,25299000.0,Mobile cellular subscriptions,64.0,20592571.0,1.29 %,"262,467",8,2699700.0,"-7,368",3.0,30.0,55 %,0.25 %,53.0,"$220,623,000,000",$221 billion,3.20%,"20,034,609","$11,012",0.22%,7.627725673222951
Kenya,KEN,65737164.0,Mobile cellular subscriptions,26.0,56432944.0,1.98 %,"1,093,941",99,569140.0,"-19,781",3.2,20.0,31 %,0.69 %,65.0,"$113,420,000,000",$113 billion,4.85%,"54,252,461","$2,091",0.11%,99.154766841199
Kyrgyz Republic,KGZ,,Mobile cellular subscriptions,,,,,,,,,,,,,,,,,,,
Cambodia,KHM,19505294.0,Mobile cellular subscriptions,73.0,17638801.0,1.23 %,"214,921",100,176520.0,"-32,960",2.5,26.0,26 %,0.22 %,101.0,"$29,956,769,529",$29.96 billion,5.16%,"17,201,724","$1,741",0.03%,99.92522660321777
Kiribati,KIR,64076.0,Mobile cellular subscriptions,193.0,134518.0,1.50 %,"1,988",166,810.0,-471,3.1,23.0,57 %,0.00 %,176.0,"$223,352,943",$223 million,1.56%,"130,469","$1,712",0.00%,166.0716049382716
St. Kitts and Nevis,KNA,,Mobile cellular subscriptions,,,,,,,,,,,,,,,,,,,
"Korea, Rep.",KOR,76992107.0,Mobile cellular subscriptions,,,,,,,,,,,,,,,,,,,
Kuwait,KWT,7726449.0,Mobile cellular subscriptions,128.0,4934507.0,1.98 %,"95,725",277,17820.0,"61,624",1.5,35.0,92 %,0.06 %,56.0,"$184,558,000,000",$185 billion,8.18%,"4,589,511","$40,213",0.18%,276.9083613916947
Latin America & Caribbean (excluding high income),LAC,619206648.0,Mobile cellular subscriptions,,,,,,,,,,,,,,,,,,,
Lao PDR,LAO,,Mobile cellular subscriptions,,,,,,,,,,,,,,,,,,,
Lebanon,LBN,,Mobile cellular subscriptions,116.0,5805962.0,0.56 %,"32,469",568,10230.0,"-17,267",2.2,29.0,88 %,0.07 %,,,,,,,,567.5427174975562
Liberia,LBR,,Mobile cellular subscriptions,118.0,5612817.0,2.18 %,"119,786",58,96320.0,"-7,779",3.9,19.0,54 %,0.07 %,150.0,"$4,001,047,150",$4.00 billion,4.81%,"5,373,294",$745,0.00%,58.27260174418605
Libya,LBY,13940000.0,Mobile cellular subscriptions,106.0,7381023.0,1.03 %,"75,364",4,1759540.0,"3,448",2.3,27.0,77 %,0.09 %,89.0,"$45,752,336,036",$45.75 billion,-1.24%,"7,223,805","$6,334",0.05%,4.194859451902202
St. Lucia,LCA,,Mobile cellular subscriptions,,,,,,,,,,,,,,,,,,,
Latin America & Caribbean,LCN,681825422.0,Mobile cellular subscriptions,,,,,,,,,,,,,,,,,,,
Least developed countries: UN classification,LDC,718332324.0,Mobile cellular subscriptions,,,,,,,,,,,,,,,,,,,
Low income,LIC,311394076.0,Mobile cellular subscriptions,,,,,,,,,,,,,,,,,,,
Liechtenstein,LIE,49662.0,Mobile cellular subscriptions,213.0,39870.0,0.69 %,272,249,160.0,206,1.5,44.0,15 %,0.00 %,,,,,,,,249.1875
Sri Lanka,LKA,31237303.0,Mobile cellular subscriptions,61.0,23103565.0,0.57 %,"131,948",368,62710.0,"-27,245",2.0,33.0,18 %,0.28 %,74.0,"$74,403,578,363",$74.40 billion,-7.82%,"22,834,965","$3,258",0.07%,368.41915165045447
Lower middle income,LMC,2723383291.0,Mobile cellular subscriptions,,,,,,,,,,,,,,,,,,,
Low & middle income,LMY,6508995583.0,Mobile cellular subscriptions,,,,,,,,,,,,,,,,,,,
Lesotho,LSO,1556844.0,Mobile cellular subscriptions,147.0,2337423.0,1.12 %,"25,951",77,30360.0,"-5,107",2.7,22.0,32 %,0.03 %,157.0,"$2,553,459,763",$2.55 billion,0.59%,"2,286,110","$1,117",0.00%,76.99021739130434
Late-demographic dividend,LTE,2987085221.0,Mobile cellular subscriptions,,,,,,,,,,,,,,,,,,,
Lithuania,LTU,3826338.0,Mobile cellular subscriptions,141.0,2859110.0,0.18 %,"5,011",46,62674.0,"2,617",1.2,42.0,68 %,0.04 %,79.0,"$70,334,299,008",$70.33 billion,1.89%,"2,816,919","$24,969",0.07%,45.618757379455595
Luxembourg,LUX,,Mobile cellular subscriptions,168.0,673036.0,1.19 %,"7,938",260,2590.0,"5,677",1.4,39.0,87 %,0.01 %,69.0,"$82,274,812,251",$82.27 billion,1.55%,"653,313","$125,935",0.08%,259.85945945945946
Latvia,LVA,2167034.0,Mobile cellular subscriptions,151.0,1871871.0,-0.56 %,"-10,525",30,62200.0,"-2,225",1.3,43.0,67 %,0.02 %,95.0,"$41,153,912,663",$41.15 billion,1.98%,"1,881,063","$21,878",0.04%,30.094389067524116
"Macao SAR, China",MAC,1213216.0,Mobile cellular subscriptions,,,,,,,,,,,,,,,,,,,
St. Martin (French part),MAF,,Mobile cellular subscriptions,,,,,,,,,,,,,,,,,,,
Morocco,MAR,52958744.0,Mobile cellular subscriptions,40.0,38081173.0,0.98 %,"368,668",85,446300.0,"-46,802",2.2,30.0,67 %,0.47 %,59.0,"$134,182,000,000",$134 billion,1.08%,"37,329,064","$3,595",0.13%,85.32640152363881
Monaco,MCO,38955.0,Mobile cellular subscriptions,216.0,38631.0,-0.83 %,-325,"25,927",1.0,110,2.1,54.0,N.A.,0.00 %,,,,,,,,38631.0
Moldova,MDA,4170329.0,Mobile cellular subscriptions,138.0,3034961.0,-1.05 %,"-32,109",92,32850.0,"-27,088",1.7,38.0,57 %,0.04 %,131.0,"$14,420,947,884",$14.42 billion,-5.95%,"3,039,985","$4,744",0.01%,92.38846270928462
Madagascar,MDG,20782900.0,Mobile cellular subscriptions,49.0,31964956.0,2.47 %,"769,024",55,581795.0,"-1,795",3.9,19.0,40 %,0.39 %,129.0,"$14,954,967,604",$14.95 billion,3.80%,"30,437,261",$491,0.01%,54.94195721860793
Maldives,MDV,715188.0,Mobile cellular subscriptions,173.0,527799.0,0.34 %,"1,805","1,759",300.0,"-2,421",1.6,32.0,39 %,0.01 %,145.0,"$6,189,865,408",$6.19 billion,12.30%,"524,106","$11,810",0.01%,1759.33
Middle East & North Africa,MEA,541231179.0,Mobile cellular subscriptions,,,,,,,,,,,,,,,,,,,
Mexico,MEX,127871590.0,Mobile cellular subscriptions,11.0,130861007.0,0.86 %,"1,121,248",67,1943950.0,"-104,581",1.9,29.0,87 %,1.60 %,14.0,"$1,414,190,000,000",$1.414 trillion,3.06%,"128,613,117","$10,996",1.41%,67.31706422490291
Marshall Islands,MHL,,Mobile cellular subscriptions,217.0,37548.0,-3.29 %,"-1,279",209,180.0,"-1,765",2.9,21.0,N.A.,0.00 %,175.0,"$279,667,900",$280 million,1.50%,"40,077","$6,978",0.00%,208.6
Middle income,MIC,6197601507.0,Mobile cellular subscriptions,,,,,,,,,,,,,,,,,,,
North Macedonia,MKD,2048236.0,Mobile cellular subscriptions,152.0,1823009.0,-0.48 %,"-8,793",72,25220.0,"-5,728",1.5,41.0,69 %,0.02 %,133.0,"$13,563,132,057",$13.56 billion,2.15%,"1,840,233","$7,370",0.01%,72.28425852498017
Mali,MLI,25869010.0,Mobile cellular subscriptions,58.0,24478595.0,2.98 %,"709,468",20,1220190.0,"-46,880",5.5,16.0,44 %,0.30 %,119.0,"$18,827,176,532",$18.83 billion,3.69%,"23,072,640",$816,0.02%,20.061297830665715
Malta,MLT,701762.0,Mobile cellular subscriptions,172.0,539607.0,1.25 %,"6,651","1,686",320.0,"6,323",1.1,41.0,77 %,0.01 %,121.0,"$17,765,270,015",$17.77 billion,6.85%,"528,192","$33,634",0.02%,1686.271875
Myanmar,MMR,57807409.0,Mobile cellular subscriptions,27.0,54500091.0,0.68 %,"366,293",83,653290.0,"-37,979",2.1,30.0,34 %,0.67 %,84.0,"$59,364,362,541",$59.36 billion,3.00%,"53,756,787","$1,104",0.06%,83.42403985978662
Middle East & North Africa (excluding high income),MNA,437226852.0,Mobile cellular subscriptions,,,,,,,,,,,,,,,,,,,
Montenegro,MNE,1274031.0,Mobile cellular subscriptions,169.0,638479.0,0.78 %,"4,927",47,13450.0,"-1,686",1.8,40.0,68 %,0.01 %,146.0,"$6,095,978,868",$6.10 billion,6.09%,"614,648","$9,918",0.01%,47.47055762081784
Mongolia,MNG,4835520.0,Mobile cellular subscriptions,133.0,3475540.0,1.27 %,"43,608",2,1553560.0,83,2.6,27.0,67 %,0.04 %,124.0,"$16,810,883,361",$16.81 billion,4.85%,"3,386,015","$4,965",0.02%,2.23714565256572
Northern Mariana Islands,MNP,,Mobile cellular subscriptions,211.0,44278.0,-1.92 %,-865,96,460.0,"-1,097",2.3,37.0,N.A.,0.00 %,,,,,,,,96.25652173913043
Mozambique,MOZ,13870798.0,Mobile cellular subscriptions,45.0,34631766.0,2.96 %,"996,606",44,786380.0,"-38,940",4.7,16.0,41 %,0.42 %,120.0,"$17,851,491,428",$17.85 billion,4.15%,"32,656,246",$547,0.02%,44.039479640886086
Mauritania,MRT,5357540.0,Mobile cellular subscriptions,126.0,5169395.0,2.93 %,"146,954",5,1030700.0,"-2,185",4.6,17.0,60 %,0.06 %,143.0,"$10,375,460,680",$10.38 billion,5.20%,"4,875,637","$2,128",0.01%,5.015421558164355
Mauritius,MUS,2096800.0,Mobile cellular subscriptions,158.0,1271169.0,-0.19 %,"-2,419",626,2030.0,"-2,787",1.2,37.0,41 %,0.02 %,136.0,"$12,898,307,089",$12.90 billion,8.69%,"1,276,130","$10,107",0.01%,626.1916256157635
Malawi,MWI,12269158.0,Mobile cellular subscriptions,62.0,21655286.0,2.61 %,"550,804",230,94280.0,"-1,507",3.6,18.0,19 %,0.27 %,135.0,"$13,164,667,627",$13.16 billion,0.92%,"20,568,728",$640,0.01%,229.69119643614764
Malaysia,MYS,47952100.0,Mobile cellular subscriptions,44.0,35557673.0,1.23 %,"431,375",108,328550.0,"174,770",1.5,31.0,77 %,0.44 %,36.0,"$406,306,000,000",$406 billion,8.69%,"34,695,493","$11,711",0.40%,108.22606300410897
North America,NAC,407764123.0,Mobile cellular subscriptions,,,,,,,,,,,,,,,,,,,
Namibia,NAM,2905781.0,Mobile cellular subscriptions,139.0,3030131.0,2.26 %,"67,036",4,823290.0,"4,211",3.2,21.0,54 %,0.04 %,139.0,"$12,607,436,976",$12.61 billion,4.56%,"2,889,662","$4,363",0.01%,3.680514763934944
New Caledonia,NCL,,Mobile cellular subscriptions,185.0,292639.0,0.96 %,"2,769",16,18280.0,455,2.0,34.0,75 %,0.00 %,,,,,,,,16.008698030634573
Niger,NER,,Mobile cellular subscriptions,54.0,27032412.0,3.34 %,"872,545",21,1266700.0,"-4,041",5.9,15.0,18 %,0.33 %,132.0,"$13,969,605,583",$13.97 billion,11.50%,"25,311,973",$552,0.01%,21.340816294308045
Nigeria,NGA,222225300.0,Mobile cellular subscriptions,6.0,232679478.0,2.10 %,"4,796,533",255,910770.0,"-35,202",4.4,18.0,54 %,2.85 %,30.0,"$477,386,000,000",$477 billion,3.25%,"223,150,896","$2,139",0.47%,255.47556243618038
Nicaragua,NIC,,Mobile cellular subscriptions,109.0,6916140.0,1.36 %,"92,527",57,120340.0,"-8,189",2.2,26.0,58 %,0.08 %,127.0,"$15,671,583,878",$15.67 billion,3.75%,"6,730,654","$2,328",0.02%,57.47166361974406
Netherlands,NLD,20737000.0,Mobile cellular subscriptions,71.0,18228742.0,0.75 %,"136,218",541,33720.0,"121,628",1.4,41.0,89 %,0.22 %,18.0,"$991,115,000,000",$991 billion,4.48%,"17,904,421","$55,356",0.99%,540.5913997627521
Norway,NOR,6014642.0,Mobile cellular subscriptions,119.0,5576660.0,1.04 %,"57,493",15,365268.0,"44,356",1.4,40.0,86 %,0.07 %,24.0,"$579,267,000,000",$579 billion,3.28%,"5,456,801","$106,155",0.58%,15.267310577439032
Nepal,NPL,,Mobile cellular subscriptions,51.0,29651054.0,-0.15 %,"-43,560",207,143350.0,"-401,282",2.0,25.0,24 %,0.36 %,96.0,"$40,828,247,302",$40.83 billion,5.61%,"29,715,436","$1,374",0.04%,206.84376700383677
Nauru,NRU,,Mobile cellular subscriptions,224.0,11947.0,0.61 %,72,597,20.0,-121,3.3,20.0,95 %,0.00 %,,,,,,,,597.35
New Zealand,NZL,5947000.0,Mobile cellular subscriptions,125.0,5213944.0,0.79 %,"41,108",20,263310.0,"18,766",1.7,38.0,83 %,0.06 %,50.0,"$247,234,000,000",$247 billion,2.16%,"5,131,734","$48,177",0.25%,19.801541908776727
OECD members,OED,1686442871.0,Mobile cellular subscriptions,,,,,,,,,,,,,,,,,,,
Oman,OMN,6749535.0,Mobile cellular subscriptions,123.0,5281538.0,4.60 %,"232,269",17,309500.0,"154,219",2.5,29.0,93 %,0.06 %,63.0,"$114,667,000,000",$115 billion,4.31%,"4,730,226","$24,241",0.11%,17.064743134087237
Other small states,OSS,17444565.0,Mobile cellular subscriptions,,,,,,,,,,,,,,,,,,,
Pakistan,PAK,192779544.0,Mobile cellular subscriptions,5.0,251269164.0,1.52 %,"3,764,669",326,770880.0,"-1,401,173",3.5,20.0,34 %,3.08 %,41.0,"$376,533,000,000",$377 billion,6.19%,"243,700,667","$1,545",0.37%,325.95107409713574
Panama,PAN,6890901.0,Mobile cellular subscriptions,129.0,4515577.0,1.27 %,"56,818",61,74340.0,"6,706",2.1,30.0,70 %,0.06 %,72.0,"$76,522,511,781",$76.52 billion,10.81%,"4,400,773","$17,388",0.08%,60.7422249125639
Peru,PER,41549487.0,Mobile cellular subscriptions,47.0,34217848.0,1.10 %,"372,231",27,1280000.0,"18,406",2.0,30.0,80 %,0.42 %,51.0,"$242,632,000,000",$243 billion,2.68%,"33,475,438","$7,248",0.24%,26.73269375
Philippines,PHL,166454458.0,Mobile cellular subscriptions,14.0,115843670.0,0.83 %,"952,471",389,298170.0,"-160,373",1.9,26.0,49 %,1.42 %,38.0,"$404,284,000,000",$404 billion,7.57%,"113,964,338","$3,547",0.40%,388.51551128550824
Palau,PLW,24000.0,Mobile cellular subscriptions,221.0,17695.0,-0.18 %,-32,38,460.0,-14,1.9,38.0,N.A.,0.00 %,,,,,,,,38.46739130434783
Papua New Guinea,PNG,,Mobile cellular subscriptions,92.0,10576502.0,1.80 %,"186,867",23,452860.0,-707,3.1,23.0,12 %,0.13 %,100.0,"$30,633,444,295",$30.63 billion,4.60%,"10,203,169","$3,002",0.03%,23.35490438546129
Poland,POL,52589287.0,Mobile cellular subscriptions,39.0,38539201.0,-0.58 %,"-223,643",126,306230.0,"-238,062",1.3,42.0,59 %,0.47 %,21.0,"$688,177,000,000",$688 billion,4.87%,"38,385,739","$17,928",0.68%,125.85050778826373
Pre-demographic dividend,PRE,783016469.0,Mobile cellular subscriptions,,,,,,,,,,,,,,,,,,,
Puerto Rico,PRI,3896159.0,Mobile cellular subscriptions,135.0,3242204.0,0.01 %,181,366,8870.0,"11,561",0.9,45.0,N.A.,0.04 %,,,,,,,,365.52468996617813
"Korea, Dem. People's Rep.",PRK,,Mobile cellular subscriptions,,,,,,,,,,,,,,,,,,,
Portugal,PRT,12792302.0,Mobile cellular subscriptions,93.0,10425292.0,-0.05 %,"-5,446",114,91590.0,"20,648",1.5,47.0,66 %,0.13 %,49.0,"$251,945,000,000",$252 billion,6.69%,"10,417,073","$24,186",0.25%,113.82565782290644
Paraguay,PRY,8659347.0,Mobile cellular subscriptions,108.0,6929153.0,1.24 %,"85,007",17,397300.0,"-12,451",2.4,27.0,68 %,0.08 %,94.0,"$41,722,295,362",$41.72 billion,0.08%,"6,760,464","$6,172",0.04%,17.440606594512964
West Bank and Gaza,PSE,4387756.0,Mobile cellular subscriptions,,,,,,,,,,,,,,,,,,,
Pacific island small states,PSS,,Mobile cellular subscriptions,,,,,,,,,,,,,,,,,,,
Post-demographic dividend,PST,1387389534.0,Mobile cellular subscriptions,,,,,,,,,,,,,,,,,,,
French Polynesia,PYF,327667.0,Mobile cellular subscriptions,187.0,281807.0,0.25 %,689,77,3660.0,"-1,261",1.5,35.0,66 %,0.00 %,,,,,,,,76.99644808743169
Qatar,QAT,4692966.0,Mobile cellular subscriptions,137.0,3048423.0,2.33 %,"69,341",263,11610.0,"46,105",1.7,34.0,97 %,0.04 %,52.0,"$237,296,000,000",$237 billion,4.83%,"2,892,455","$82,040",0.24%,262.5687338501292
Romania,ROU,23219000.0,Mobile cellular subscriptions,67.0,19015088.0,-0.54 %,"-103,391",83,230170.0,"-28,466",1.7,43.0,55 %,0.23 %,44.0,"$301,262,000,000",$301 billion,4.79%,"19,166,772","$15,718",0.30%,82.61323369683278
Russian Federation,RUS,245266945.0,Mobile cellular subscriptions,,,,,,,,,,,,,,,,,,,
Rwanda,RWA,11002078.0,Mobile cellular subscriptions,77.0,14256567.0,2.16 %,"302,096",578,24670.0,"-15,582",3.6,20.0,18 %,0.17 %,134.0,"$13,312,796,765",$13.31 billion,8.16%,"13,651,030",$975,0.01%,577.8908390758006
South Asia,SAS,1548602577.0,Mobile cellular subscriptions,,,,,,,,,,,,,,,,,,,
Saudi Arabia,SAU,48197996.0,Mobile cellular subscriptions,48.0,33962757.0,2.10 %,"698,465",16,2149690.0,"122,170",2.3,30.0,92 %,0.42 %,17.0,"$1,108,150,000,000",$1.108 trillion,8.74%,"32,175,352","$34,441",1.10%,15.798909145039516
Sudan,SDN,34671259.0,Mobile cellular subscriptions,30.0,50448963.0,0.81 %,"406,172",29,1765048.0,"-544,257",4.3,18.0,35 %,0.62 %,86.0,"$51,662,241,775",$51.66 billion,-0.95%,"49,383,346","$1,046",0.05%,28.582204563275333
Senegal,SEN,20854830.0,Mobile cellular subscriptions,69.0,18501984.0,2.35 %,"424,411",96,192530.0,"-10,307",3.8,19.0,52 %,0.23 %,106.0,"$27,684,430,244",$27.68 billion,4.15%,"17,651,103","$1,568",0.03%,96.0992260946346
Singapore,SGP,9350700.0,Mobile cellular subscriptions,115.0,5832387.0,0.75 %,"43,297","8,332",700.0,"20,011",1.0,36.0,N.A.,0.07 %,33.0,"$466,789,000,000",$467 billion,3.65%,"5,649,885","$82,619",0.46%,8331.98142857143
Solomon Islands,SLB,,Mobile cellular subscriptions,165.0,819198.0,2.40 %,"19,193",29,27990.0,"1,610",3.5,20.0,23 %,0.01 %,164.0,"$1,595,710,784",$1.60 billion,-4.06%,"781,066","$2,043",0.00%,29.267524115755627
Sierra Leone,SLE,,Mobile cellular subscriptions,102.0,8642022.0,2.15 %,"181,510",120,72180.0,"-11,000",3.7,19.0,45 %,0.11 %,151.0,"$3,970,343,852",$3.97 billion,3.50%,"8,276,807",$480,0.00%,119.72876142975893
El Salvador,SLV,11508619.0,Mobile cellular subscriptions,112.0,6338193.0,0.45 %,"28,569",306,20720.0,"-23,102",1.8,27.0,79 %,0.08 %,98.0,"$32,488,720,000",$32.49 billion,2.60%,"6,280,319","$5,173",0.03%,305.8973455598456
San Marino,SMR,41000.0,Mobile cellular subscriptions,218.0,33581.0,-0.45 %,-152,560,60.0,37,1.2,48.0,100 %,0.00 %,,,,,,,,559.6833333333333
Somalia,SOM,8844000.0,Mobile cellular subscriptions,68.0,19009151.0,3.54 %,"650,536",30,627340.0,"26,859",6.0,16.0,46 %,0.23 %,,,,,,,,30.301193929926356
Serbia,SRB,8621147.0,Mobile cellular subscriptions,111.0,6736216.0,-0.55 %,"-36,985",77,87460.0,"-8,132",1.5,44.0,73 %,0.08 %,82.0,"$63,501,748,652",$63.50 billion,2.25%,"6,791,213","$9,351",0.06%,77.0205351017608
Sub-Saharan Africa (excluding high income),SSA,988735292.0,Mobile cellular subscriptions,,,,,,,,,,,,,,,,,,,
South Sudan,SSD,3276146.0,Mobile cellular subscriptions,81.0,11943408.0,4.01 %,"460,034",20,610952.0,"15,374",3.8,18.0,27 %,0.15 %,,,,,,,,19.548848354698897
Sub-Saharan Africa,SSF,988940432.0,Mobile cellular subscriptions,,,,,,,,,,,,,,,,,,,
Small states,SST,19683213.0,Mobile cellular subscriptions,,,,,,,,,,,,,,,,,,,
Sao Tome and Principe,STP,197318.0,Mobile cellular subscriptions,,,,,,,,,,,,,,,,,,,
Suriname,SUR,928840.0,Mobile cellular subscriptions,170.0,634431.0,0.88 %,"5,545",4,156000.0,"-1,166",2.2,28.0,62 %,0.01 %,152.0,"$3,620,655,116",$3.62 billion,1.89%,"623,164","$5,810",0.00%,4.066865384615385
Slovak Republic,SVK,7445151.0,Mobile cellular subscriptions,,,,,,,,,,,,,,,,,,,
Slovenia,SVN,2674900.0,Mobile cellular subscriptions,149.0,2118697.0,0.01 %,301,105,20140.0,"3,319",1.6,44.0,55 %,0.03 %,83.0,"$62,117,768,015",$62.12 billion,5.37%,"2,115,228","$29,367",0.06%,105.19846077457795
Sweden,SWE,13194189.0,Mobile cellular subscriptions,90.0,10606999.0,0.53 %,"55,505",26,410340.0,"50,115",1.4,40.0,87 %,0.13 %,23.0,"$585,939,000,000",$586 billion,2.64%,"10,487,338","$55,871",0.58%,25.84929326899644
Eswatini,SWZ,1468083.0,Mobile cellular subscriptions,159.0,1242822.0,1.00 %,"12,316",72,17200.0,"-6,754",2.7,22.0,31 %,0.02 %,149.0,"$4,854,167,638",$4.85 billion,3.91%,"1,218,917","$3,982",0.00%,72.25709302325582
Sint Maarten (Dutch part),SXM,,Mobile cellular subscriptions,,,,,,,,,,,,,,,,,,,
Seychelles,SYC,205140.0,Mobile cellular subscriptions,194.0,130418.0,1.93 %,"2,467",284,460.0,"1,747",2.1,34.0,44 %,0.00 %,165.0,"$1,588,406,479",$1.59 billion,8.80%,"125,522","$12,654",0.00%,283.5173913043478
Syrian Arab Republic,SYR,,Mobile cellular subscriptions,,,,,,,,,,,,,,,,,,,
Turks and Caicos Islands,TCA,,Mobile cellular subscriptions,,,,,,,,,,,,,,,,,,,
Chad,TCD,12086643.0,Mobile cellular subscriptions,65.0,20299123.0,5.07 %,"980,059",16,1259200.0,"204,040",6.0,16.0,22 %,0.25 %,138.0,"$12,704,149,842",$12.70 billion,2.24%,"18,455,316",$688,0.01%,16.12065041296061
East Asia & Pacific (IDA & IBRD countries),TEA,2659505463.0,Mobile cellular subscriptions,,,,,,,,,,,,,,,,,,,
Europe & Central Asia (IDA & IBRD countries),TEC,589262813.0,Mobile cellular subscriptions,,,,,,,,,,,,,,,,,,,
Togo,TGO,6564132.0,Mobile cellular subscriptions,97.0,9515236.0,2.27 %,"210,899",175,54390.0,"-14,014",4.1,19.0,44 %,0.12 %,144.0,"$8,126,439,481",$8.13 billion,5.81%,"9,089,738",$894,0.01%,174.94458540172826
Thailand,THA,126414000.0,Mobile cellular subscriptions,20.0,71668011.0,-0.05 %,"-34,424",140,510890.0,"23,321",1.2,40.0,53 %,0.88 %,29.0,"$495,341,000,000",$495 billion,2.59%,"71,735,329","$6,905",0.49%,140.28070817592828
Tajikistan,TJK,,Mobile cellular subscriptions,91.0,10590927.0,1.94 %,"201,128",76,139960.0,"-21,236",3.0,22.0,27 %,0.13 %,142.0,"$10,492,123,388",$10.49 billion,8.00%,"10,182,222","$1,030",0.01%,75.67109888539582
Turkmenistan,TKM,,Mobile cellular subscriptions,104.0,7494498.0,1.77 %,"130,060",16,469930.0,"14,646",2.7,27.0,46 %,0.09 %,,,,,,,,15.948115676802928
Latin America & the Caribbean (IDA & IBRD countries),TLA,669925178.0,Mobile cellular subscriptions,,,,,,,,,,,,,,,,,,,
Timor-Leste,TLS,1481007.0,Mobile cellular subscriptions,155.0,1400638.0,1.18 %,"16,352",94,14870.0,"-2,552",2.6,21.0,35 %,0.02 %,154.0,"$3,163,324,631",$3.16 billion,-17.49%,"1,369,295","$2,310",0.00%,94.19219905850706
Middle East & North Africa (IDA & IBRD countries),TMN,432839096.0,Mobile cellular subscriptions,,,,,,,,,,,,,,,,,,,
Tonga,TON,,Mobile cellular subscriptions,197.0,104175.0,-0.40 %,-422,145,720.0,"-2,149",3.1,21.0,26 %,0.00 %,,,,,,,,144.6875
South Asia (IDA & IBRD),TSA,1548602577.0,Mobile cellular subscriptions,,,,,,,,,,,,,,,,,,,
Sub-Saharan Africa (IDA & IBRD countries),TSS,988940432.0,Mobile cellular subscriptions,,,,,,,,,,,,,,,,,,,
Trinidad and Tobago,TTO,1999029.0,Mobile cellular subscriptions,154.0,1507782.0,0.32 %,"4,850",294,5130.0,"1,334",1.5,37.0,49 %,0.02 %,104.0,"$27,899,082,337",$27.90 billion,2.48%,"1,495,921","$18,650",0.03%,293.9146198830409
Tunisia,TUN,15971243.0,Mobile cellular subscriptions,80.0,12277109.0,0.63 %,"76,678",79,155360.0,"-15,221",1.8,33.0,71 %,0.15 %,88.0,"$46,664,948,952",$46.66 billion,2.52%,"12,119,334","$3,850",0.05%,79.02361611740474
Turkiye,TUR,90297565.0,Mobile cellular subscriptions,,,,,,,,,,,,,,,,,,,
Tuvalu,TUV,,Mobile cellular subscriptions,227.0,9646.0,-1.73 %,-170,322,30.0,-280,3.2,24.0,83 %,0.00 %,177.0,"$60,349,391",$60 million,0.68%,"9,992","$6,040",0.00%,321.53333333333336
Tanzania,TZA,60192331.0,Mobile cellular subscriptions,22.0,68560157.0,2.92 %,"1,942,551",77,885800.0,"-29,865",4.5,17.0,39 %,0.84 %,73.0,"$75,709,289,056",$75.71 billion,4.56%,"64,711,821","$1,170",0.08%,77.39913863174532
Uganda,UGA,33068233.0,Mobile cellular subscriptions,31.0,50015092.0,2.79 %,"1,358,491",250,199810.0,"-117,924",4.2,17.0,29 %,0.61 %,90.0,"$45,559,202,049",$45.56 billion,4.65%,"47,312,719",$963,0.05%,250.31325759471497
Ukraine,UKR,49304301.0,Mobile cellular subscriptions,42.0,37860221.0,0.34 %,"127,385",65,579320.0,"1,146,012",1.0,42.0,79 %,0.46 %,58.0,"$160,503,000,000",$161 billion,-29.10%,"41,048,766","$3,910",0.16%,65.35286370227163
Upper middle income,UMC,3474218216.0,Mobile cellular subscriptions,,,,,,,,,,,,,,,,,,,
Uruguay,URY,4741473.0,Mobile cellular subscriptions,134.0,3386588.0,-0.04 %,"-1,493",19,175020.0,"-1,348",1.4,36.0,N.A.,0.04 %,77.0,"$71,177,146,197",$71.18 billion,4.92%,"3,390,913","$20,991",0.07%,19.349720031996345
United States,USA,372682000.0,Mobile cellular subscriptions,3.0,345426571.0,0.57 %,"1,949,236",38,9147420.0,"1,286,132",1.6,38.0,82 %,4.23 %,1.0,"$25,462,700,000,000",$25.463 trillion,2.06%,"341,534,046","$74,554",25.32%,37.76218551241771
Uzbekistan,UZB,35690069.0,Mobile cellular subscriptions,43.0,36361859.0,1.99 %,"709,552",85,425400.0,"-7,066",3.5,27.0,48 %,0.45 %,70.0,"$80,391,853,885",$80.39 billion,5.67%,"34,938,955","$2,301",0.08%,85.47686647860837
St. Vincent and the Grenadines,VCT,104428.0,Mobile cellular subscriptions,,,,,,,,,,,,,,,,,,,
"Venezuela, RB",VEN,17948623.0,Mobile cellular subscriptions,,,,,,,,,,,,,,,,,,,
British Virgin Islands,VGB,,Mobile cellular subscriptions,214.0,39471.0,1.25 %,486,263,150.0,212,1.0,38.0,43 %,0.00 %,,,,,,,,263.14
Virgin Islands (U.S.),VIR,,Mobile cellular subscriptions,,,,,,,,,,,,,,,,,,,
Viet Nam,VNM,137412198.0,Mobile cellular subscriptions,,,,,,,,,,,,,,,,,,,
Vanuatu,VUT,255509.0,Mobile cellular subscriptions,182.0,327777.0,2.30 %,"7,368",27,12190.0,-43,3.6,20.0,25 %,0.00 %,168.0,"$983,582,865",$984 million,1.85%,"313,046","$3,142",0.00%,26.889007383100903
World,WLD,8361404370.0,Mobile cellular subscriptions,,,,,,,,,,,,,,,,,,,
Samoa,WSM,134320.0,Mobile cellular subscriptions,189.0,218019.0,0.63 %,"1,356",77,2830.0,"-2,754",3.8,20.0,16 %,0.00 %,171.0,"$832,421,565",$832 million,-6.02%,"215,261","$3,867",0.00%,77.03851590106007
Kosovo,XKX,,Mobile cellular subscriptions,,,,,,,,,,,,,,,,,,,
"Yemen, Rep.",YEM,,Mobile cellular subscriptions,,,,,,,,,,,,,,,,,,,
South Africa,ZAF,100259890.0,Mobile cellular subscriptions,24.0,64007187.0,1.26 %,"794,803",53,1213090.0,"166,972",2.2,28.0,66 %,0.78 %,37.0,"$405,870,000,000",$406 billion,2.04%,"62,378,410","$6,507",0.40%,52.76375784154514
Zambia,ZMB,19838000.0,Mobile cellular subscriptions,63.0,21314956.0,2.85 %,"590,991",29,743390.0,"7,381",4.0,18.0,46 %,0.26 %,102.0,"$29,784,454,056",$29.78 billion,4.74%,"20,152,938","$1,478",0.03%,28.672642892694277
Zimbabwe,ZWE,14300790.0,Mobile cellular subscriptions,74.0,16634373.0,1.80 %,"293,551",43,386850.0,"-60,528",3.7,18.0,38 %,0.20 %,112.0,"$20,678,055,598",$20.68 billion,3.40%,"16,069,056","$1,287",0.02%,42.99954245831718
Russia,,,,9.0,144820423.0,-0.43 %,"-620,077",9,16376870.0,"-178,042",1.5,40.0,75 %,1.77 %,8.0,"$2,240,420,000,000",$2.240 trillion,-2.07%,"145,579,899","$15,390",2.23%,8.842985442273157
Egypt,,,,13.0,116538258.0,1.75 %,"2,002,486",117,995450.0,"123,884",2.7,24.0,41 %,1.43 %,31.0,"$476,748,000,000",$477 billion,6.59%,"112,618,250","$4,233",0.47%,117.07093073484354
DR Congo,,,,15.0,109276265.0,3.30 %,"3,486,534",48,2267050.0,"-26,968",6.0,16.0,44 %,1.34 %,85.0,"$58,065,953,573",$58.07 billion,8.92%,"102,396,968",$567,0.06%,48.20196510884189
Vietnam,,,,16.0,100987686.0,0.63 %,"635,494",326,310070.0,"-59,645",1.9,33.0,41 %,1.24 %,35.0,"$408,802,000,000",$409 billion,8.02%,"99,680,655","$4,101",0.41%,325.6931854097462
Iran,,,,17.0,91567738.0,1.06 %,"959,031",56,1628550.0,"190,156",1.7,33.0,73 %,1.12 %,40.0,"$388,544,000,000",$389 billion,2.75%,"89,524,246","$4,340",0.39%,56.22654385803322
Turkey,,,,18.0,87473805.0,0.23 %,"203,304",114,769630.0,"-275,952",1.6,33.0,76 %,1.07 %,19.0,"$905,988,000,000",$906 billion,5.57%,"87,058,473","$10,407",0.90%,113.65695853851851
South Korea,,,,29.0,51717590.0,-0.06 %,"-31,149",532,97230.0,"75,963",0.7,45.0,82 %,0.63 %,13.0,"$1,665,250,000,000",$1.665 trillion,2.56%,"51,782,512","$32,159",1.66%,531.9098015015942
Yemen,,,,37.0,40583164.0,3.03 %,"1,192,365",77,527970.0,"-10,482",4.5,18.0,33 %,0.50 %,,,,,,,,76.86642044055533
Côte d'Ivoire,,,,50.0,31934230.0,2.47 %,"768,576",100,318000.0,"7,838",4.2,18.0,49 %,0.39 %,80.0,"$70,018,715,017",$70.02 billion,6.74%,"30,395,002","$2,304",0.07%,100.422106918239
Venezuela,,,,53.0,28405543.0,0.37 %,"104,689",32,882050.0,"-105,297",2.1,29.0,N.A.,0.35 %,,,,,,,,32.204005441868375
North Korea,,,,56.0,26498823.0,0.31 %,"80,619",220,120410.0,"-2,473",1.8,36.0,63 %,0.32 %,,,,,,,,220.07161365335105
Syria,,,,57.0,24672760.0,4.57 %,"1,078,137",134,183630.0,"546,494",2.7,23.0,53 %,0.30 %,,,,,,,,134.3612699449981
Taiwan,,,,60.0,23213962.0,-0.44 %,"-103,183",656,35410.0,"-25,832",0.9,44.0,83 %,0.28 %,,,,,,,,655.5764473312623
Czech Republic (Czechia),,,,89.0,10735859.0,-0.68 %,"-73,857",139,77240.0,"-86,169",1.5,43.0,74 %,0.13 %,46.0,"$290,924,000,000",$291 billion,2.46%,"10,673,213","$27,257",0.29%,138.99351372345936
Laos,,,,103.0,7769819.0,1.37 %,"104,826",34,230800.0,"-10,284",2.4,25.0,38 %,0.10 %,126.0,"$15,724,383,783",$15.72 billion,2.71%,"7,559,007","$2,080",0.02%,33.66472703639515
Hong Kong,,,,105.0,7414909.0,-0.37 %,"-27,825","7,062",1050.0,"-19,272",0.7,47.0,N.A.,0.09 %,42.0,"$359,839,000,000",$360 billion,-3.48%,"7,465,915","$48,198",0.36%,7061.818095238095
Kyrgyzstan,,,,107.0,7186009.0,1.59 %,"112,493",37,191800.0,"3,645",2.8,25.0,35 %,0.09 %,141.0,"$10,930,644,915",$10.93 billion,7.02%,"6,955,788","$1,571",0.01%,37.466157455683
Congo,,,,113.0,6332961.0,2.43 %,"150,076",19,341500.0,"-2,491",4.1,18.0,69 %,0.08 %,130.0,"$14,615,532,210",$14.62 billion,1.55%,"6,035,104","$2,422",0.01%,18.544541727672033
Slovakia,,,,120.0,5506760.0,-0.20 %,"-11,295",115,48088.0,"-21,027",1.6,42.0,54 %,0.07 %,61.0,"$115,469,000,000",$115 billion,1.67%,"5,473,197","$21,097",0.11%,114.51422392280818
State of Palestine,,,,121.0,5495443.0,1.59 %,"86,241",913,6020.0,"-23,145",3.3,20.0,83 %,0.07 %,116.0,"$19,111,900,000",$19.11 billion,3.93%,"5,305,270","$3,602",0.02%,912.8642857142858
Gambia,,,,144.0,2759988.0,2.30 %,"62,143",273,10120.0,"-2,989",3.9,18.0,60 %,0.03 %,160.0,"$2,273,060,863",$2.27 billion,4.92%,"2,636,470",$862,0.00%,272.7260869565217
Réunion,,,,162.0,878591.0,0.42 %,"3,708",351,2500.0,"-2,931",2.2,38.0,N.A.,0.01 %,,,,,,,,351.4364
Macao,,,,167.0,720262.0,0.89 %,"6,350","24,009",30.0,"1,620",0.7,39.0,96 %,0.01 %,109.0,"$21,979,475,561",$21.98 billion,-26.76%,"704,356","$31,205",0.02%,24008.733333333334
Western Sahara,,,,171.0,590506.0,1.86 %,"10,777",2,266000.0,"5,358",2.2,32.0,97 %,0.01 %,,,,,,,,2.2199473684210527
Micronesia,,,,174.0,526923.0,0.32 %,"1,683",753,700.0,"-5,076",2.8,26.0,75 %,0.01 %,174.0,"$427,094,119",$427 million,-0.62%,"523,477",$816,0.00%,752.7471428571429
Brunei,,,,176.0,462721.0,0.82 %,"3,772",88,5270.0,0,1.7,32.0,80 %,0.01 %,125.0,"$16,681,531,646",$16.68 billion,-1.63%,"455,370","$36,633",0.02%,87.80284629981024
Bahamas,,,,178.0,401283.0,0.46 %,"1,843",40,10010.0,"1,018",1.4,35.0,88 %,0.00 %,137.0,"$12,897,400,000",$12.90 billion,14.37%,"397,538","$32,443",0.01%,40.08821178821179
Guadeloupe,,,,180.0,375106.0,-0.37 %,"-1,411",222,1690.0,"-1,765",2.1,47.0,N.A.,0.00 %,,,,,,,,221.95621301775148
Martinique,,,,181.0,343195.0,-0.81 %,"-2,807",324,1060.0,"-2,744",2.0,49.0,N.A.,0.00 %,,,,,,,,323.7688679245283
Mayotte,,,,183.0,326505.0,3.32 %,"10,490",871,375.0,108,4.6,17.0,42 %,0.00 %,,,,,,,,870.68
French Guiana,,,,184.0,308522.0,1.69 %,"5,120",4,82200.0,"-1,018",3.3,25.0,94 %,0.00 %,,,,,,,,3.75330900243309
Sao Tome & Principe,,,,188.0,235536.0,2.02 %,"4,665",245,960.0,-604,3.6,19.0,78 %,0.00 %,173.0,"$546,680,342",$547 million,0.93%,"226,305","$2,416",0.00%,245.35
Curaçao,,,,190.0,185482.0,0.03 %,55,418,444.0,513,1.1,38.0,80 %,0.00 %,,,,,,,,417.7522522522523
Saint Lucia,,,,191.0,179744.0,0.26 %,459,295,610.0,-7,1.4,34.0,20 %,0.00 %,161.0,"$2,065,027,556",$2.07 billion,15.40%,"178,781","$11,551",0.00%,294.6622950819672
St. Vincent & Grenadines,,,,198.0,100616.0,-0.70 %,-707,258,390.0,-737,1.8,34.0,61 %,0.00 %,170.0,"$948,558,503",$949 million,4.95%,"102,046","$9,295",0.00%,257.98974358974357
U.S. Virgin Islands,,,,200.0,84905.0,-0.93 %,-796,243,350.0,-420,2.1,45.0,N.A.,0.00 %,,,,,,,,242.5857142857143
Faeroe Islands,,,,207.0,55400.0,1.25 %,686,40,1396.0,488,2.2,37.0,40 %,0.00 %,,,,,,,,39.684813753581665
Saint Kitts & Nevis,,,,208.0,46843.0,0.18 %,85,180,260.0,-7,1.5,36.0,39 %,0.00 %,169.0,"$961,563,259",$962 million,9.00%,"46,709","$20,586",0.00%,180.16538461538462
Turks and Caicos,,,,210.0,46535.0,0.73 %,337,49,950.0,176,1.5,39.0,79 %,0.00 %,,,,,,,,48.98421052631579
Sint Maarten,,,,212.0,43350.0,1.41 %,601,"1,275",34.0,558,1.4,42.0,100 %,0.00 %,,,,,,,,1275.0
Caribbean Netherlands,,,,219.0,30675.0,2.60 %,777,94,328.0,685,1.5,40.0,66 %,0.00 %,,,,,,,,93.52134146341463
Saint Martin,,,,220.0,26129.0,-5.04 %,"-1,386",493,53.0,"-1,424",2.7,41.0,0 %,0.00 %,,,,,,,,493.0
Anguilla,,,,222.0,14598.0,1.30 %,188,162,90.0,109,1.4,38.0,N.A.,0.00 %,,,,,,,,162.2
Cook Islands,,,,223.0,13729.0,-3.47 %,-493,57,240.0,-505,2.0,36.0,98 %,0.00 %,,,,,,,,57.204166666666666
Wallis & Futuna,,,,225.0,11277.0,-0.82 %,-93,81,140.0,-93,1.4,38.0,0 %,0.00 %,,,,,,,,80.55
Saint Barthelemy,,,,226.0,11258.0,1.56 %,173,536,21.0,180,0.8,39.0,0 %,0.00 %,,,,,,,,536.0952380952381
Saint Pierre & Miquelon,,,,228.0,5628.0,-0.93 %,-53,24,230.0,-2,1.3,47.0,N.A.,0.00 %,,,,,,,,24.469565217391306
Saint Helena,,,,229.0,5237.0,-0.98 %,-52,13,390.0,4,1.6,51.0,33 %,0.00 %,,,,,,,,13.428205128205128
Montserrat,,,,230.0,4389.0,-0.70 %,-31,44,100.0,-7,1.4,42.0,11 %,0.00 %,,,,,,,,43.89
Falkland Islands,,,,231.0,3470.0,-0.20 %,-7,0,12170.0,-13,1.7,42.0,68 %,0.00 %,,,,,,,,0.28512736236647496
Tokelau,,,,232.0,2506.0,4.55 %,109,251,10.0,72,2.6,27.0,0 %,0.00 %,,,,,,,,250.6
Niue,,,,233.0,1819.0,0.11 %,2,7,260.0,10,2.5,36.0,44 %,0.00 %,,,,,,,,6.996153846153846
Holy See,,,,234.0,496.0,0.00 %,0,"1,240",0.0,18,1.0,59.0,N.A.,0.00 %,,,,,,,,inf
